<application>
  <component name="DimensionService">
    <size key="GridCell.Tab.0.left.0.0.1920.1080" width="1838" height="297" />
    <size key="GridCell.Tab.0.center.0.0.1920.1080" width="1838" height="297" />
    <size key="GridCell.Tab.0.right.0.0.1920.1080" width="1838" height="297" />
    <size key="GridCell.Tab.0.bottom.0.0.1920.1080" width="1838" height="297" />
    <size key="GridCell.Tab.1.left.0.0.1920.1080" width="1838" height="297" />
    <size key="GridCell.Tab.1.center.0.0.1920.1080" width="1838" height="297" />
    <size key="GridCell.Tab.1.right.0.0.1920.1080" width="1838" height="297" />
    <size key="GridCell.Tab.1.bottom.0.0.1920.1080" width="1838" height="297" />
    <size key="GridCell.Tab.0.left.0.0.1920.1080@120dpi" width="1818" height="248" />
    <size key="GridCell.Tab.0.center.0.0.1920.1080@120dpi" width="1818" height="248" />
    <size key="GridCell.Tab.0.right.0.0.1920.1080@120dpi" width="1818" height="248" />
    <size key="GridCell.Tab.0.bottom.0.0.1920.1080@120dpi" width="1818" height="248" />
    <size key="GridCell.Tab.1.left.0.0.1920.1080@120dpi" width="1818" height="14" />
    <size key="GridCell.Tab.1.center.0.0.1920.1080@120dpi" width="1818" height="14" />
    <size key="GridCell.Tab.1.right.0.0.1920.1080@120dpi" width="1818" height="14" />
    <size key="GridCell.Tab.1.bottom.0.0.1920.1080@120dpi" width="1818" height="14" />
  </component>
  <component name="WindowManager">
    <frame x="175" y="0" width="1755" height="1030" extendedState="6" />
  </component>
  <component name="WindowStateApplicationService">
    <state width="412" height="163" key="ShowUsagesActions.dimensionServiceKey" timestamp="1727451637366">
      <screen x="0" y="0" width="1920" height="1032" />
    </state>
    <state width="412" height="163" key="ShowUsagesActions.dimensionServiceKey/0.0.1920.1032" timestamp="1727451637366" />
    <state x="1021" y="260" width="800" height="725" key="new project wizard" timestamp="1727445057448">
      <screen x="0" y="0" width="1920" height="1032" />
    </state>
    <state x="1021" y="260" width="800" height="725" key="new project wizard/0.0.1920.1032" timestamp="1727445057448" />
  </component>
</application>